quota	rep	elapsed_s	cpu_s	throttle_periods	periods	psi_some_avg10	psi_some_avg60
100	1	16.276	16.282	162	162	70.87	21.71
250	1	7.862	19.257	74	78	59.72	26.67
400	1	4.843	18.414	40	48	42.36	26.39
150	1	11.042	16.559	110	110	65.43	34.65
300	1	5.623	16.803	56	57	50.09	34.38
200	1	8.422	16.898	81	84	56.06	38.01
350	1	5.363	18.131	50	53	44.49	37.01
300	2	5.827	17.119	55	58	41.90	36.78
150	2	10.615	15.893	105	106	64.66	42.55
350	2	5.322	18.492	50	53	49.66	41.27
200	2	8.948	17.849	89	90	62.42	44.91
400	2	5.190	19.320	32	52	45.94	42.92
100	2	17.919	17.937	176	179	76.42	51.43
250	2	7.557	18.122	70	75	56.23	49.54
200	3	8.926	17.745	88	90	56.50	49.19
350	3	5.519	19.021	53	55	44.50	46.82
100	3	20.108	20.072	200	201	72.64	54.73
300	3	7.162	20.098	58	72	65.79	54.98
150	3	13.498	20.179	134	135	71.31	58.56
400	3	5.534	19.513	29	55	46.22	53.90
250	3	7.782	19.183	74	78	56.05	53.80
100	4	17.743	17.741	177	178	82.11	60.93
150	4	12.049	18.053	120	121	77.42	62.53
200	4	9.623	19.175	95	97	72.30	62.25
250	4	7.707	18.848	69	77	60.33	60.20
300	4	6.706	19.286	61	67	50.49	56.74
350	4	5.680	18.818	50	57	42.75	53.24
400	4	5.075	19.000	39	51	36.94	50.05
100	5	18.373	18.367	183	184	81.52	58.13
150	5	12.272	18.362	121	122	76.68	60.43
200	5	9.237	18.362	91	92	69.76	60.28
250	5	7.530	18.424	69	75	56.51	57.62
300	5	5.946	17.029	50	59	44.74	53.83
350	5	5.458	17.908	46	54	40.28	50.71
400	5	4.772	18.252	42	48	36.00	47.95
