elapsed_s	phase	quota_pct	psi_some_avg10	usage_usec	nr_throttled	nr_periods
0	load	100	1.87	1939178752	5324	13069
1	load	100	1.87	1940214025	5334	13079
2	load	100	6.78	1941246236	5344	13089
3	load	100	6.78	1942260247	5354	13099
4	load	100	12.26	1943260094	5364	13109
5	load	100	12.26	1944260656	5374	13119
6	load	100	16.19	1945283948	5385	13130
7	load	100	16.19	1946316719	5395	13140
8	load	100	19.42	1947349833	5405	13150
9	load	200	19.42	1948582478	5413	13160
10	load	200	20.61	1950613151	5417	13170
11	load	200	20.61	1952646625	5422	13180
12	load	200	16.88	1954678647	5425	13191
13	load	200	16.88	1956713492	5429	13201
14	load	200	13.82	1958747042	5430	13211
15	load	200	13.82	1960785806	5434	13221
16	load	200	11.31	1962831268	5437	13231
17	load	200	11.31	1964868516	5437	13242
18	load	200	10.53	1966909830	5439	13252
19	load	250	10.53	1968312518	5441	13261
20	recovery	250	8.80	1968312518	5441	13261
21	recovery	250	8.80	1968312518	5441	13261
22	recovery	250	7.21	1968312518	5441	13261
23	recovery	250	6.44	1968312518	5441	13261
24	recovery	250	6.44	1968312518	5441	13261
25	recovery	250	5.28	1968312518	5441	13261
26	recovery	250	5.28	1968312518	5441	13261
27	recovery	250	4.32	1968312518	5441	13261
28	recovery	250	4.32	1968312518	5441	13261
29	recovery	200	4.08	1968312518	5441	13262
30	recovery	200	4.08	1968312518	5441	13262
31	recovery	200	4.43	1968312518	5441	13262
32	recovery	200	4.43	1968312518	5441	13262
33	recovery	200	4.71	1968312518	5441	13262
34	recovery	200	4.71	1968312518	5441	13262
35	recovery	200	4.40	1968312518	5441	13262
36	recovery	200	4.40	1968312518	5441	13262
37	recovery	200	7.41	1968312518	5441	13262
38	recovery	200	7.41	1968312518	5441	13262
39	recovery	150	6.24	1968312518	5441	13263
40	recovery	150	6.24	1968312518	5441	13263
