mode	rep	samples	elapsed_s	routed_at_s	workers_in_heavy	worker_count	trial_valid	validity_reason	all_mean_ms	all_p50_ms	all_p95_ms	all_p99_ms	all_max_ms	work_p95_ms	steady_n	steady_mean_ms	steady_p50_ms	steady_p95_ms	steady_p99_ms	steady_max_ms	steady_work_p95_ms	psi_some_avg10	router_was_active
baseline	1	999	20.076		0	1	1		0.17319827327327328	0.08424	0.200538	2.198222	11.198329	8.298719	398	0.17101981155778895	0.083152	0.190548	1.206016	11.198329	7.984803	7.11	1
router	1	999	22.116	9.393	1	1	1		0.11736224824824824	0.108969	0.125768	0.251642	3.11274	3.156738	429	0.13428906993006992	0.110725	0.127135	1.115706	3.11274	3.115566	2.34	1
router	2	999	22.205	8.395	1	1	1		0.11138714914914916	0.083157	0.135959	1.152071	3.163067	3.342345	479	0.10186632985386221	0.083205	0.122069	0.466431	1.226761	3.33178	4.23	1
baseline	2	999	20.155		0	1	1		0.19476752452452453	0.107452	0.179065	3.194354	6.191693	6.829244	399	0.1763741453634085	0.10795	0.127172	2.20287	6.191693	6.920993	3.94	1
baseline	3	999	20.13		0	1	1		0.15791446646646648	0.087925	0.220058	2.778688	4.467253	3.973379	399	0.1280171954887218	0.090248	0.123106	1.760475	2.921607	3.251625	4.38	1
router	3	999	22.2	9.476	1	1	1		0.12704763763763763	0.074706	0.117224	0.990674	10.678806	3.53019	425	0.10066984	0.073678	0.116131	0.488766	2.982046	3.248971	2.28	1
router	4	999	22.181	8.421	1	1	1		0.10403501101101101	0.075045	0.116174	0.885082	2.897049	3.299991	477	0.08492265828092244	0.074423	0.113398	0.185512	0.884469	3.179508	1.27	1
baseline	4	999	20.189		0	1	1		0.12329274074074074	0.083867	0.121984	0.852844	2.842108	16.497542	399	0.11580162907268171	0.080958	0.117267	0.844962	2.842108	16.531582	4.25	1
baseline	5	999	20.138		0	1	1		0.13413151351351352	0.083524	0.12346	1.393077	4.768371	3.227465	398	0.1379448065326633	0.097029	0.451181	0.999955	2.279466	3.166829	3.11	1
router	5	999	22.216	9.438	1	1	1		0.12149502702702702	0.076196	0.118135	0.984217	10.623631	3.59203	427	0.12299093676814989	0.078527	0.117998	1.301449	2.717385	3.445033	2.72	1
