mode	rep	samples	elapsed_s	routed_at_s	workers_in_heavy	worker_count	all_mean_ms	all_p50_ms	all_p95_ms	all_p99_ms	all_max_ms	work_p95_ms	steady_n	steady_mean_ms	steady_p50_ms	steady_p95_ms	steady_p99_ms	steady_max_ms	steady_work_p95_ms	psi_some_avg10	router_was_active
baseline	1	999	20.27		0	1	0.17032007207207206	0.080211	0.126325	2.509783	7.19005	8.67237	399	0.17038252882205512	0.082182	0.125429	1.512344	7.167498	8.463948	3.96	1
router	1	999	22.168	9.427	1	1	0.10993536836836837	0.074123	0.115347	0.973928	2.984394	3.593084	427	0.12086671896955503	0.073858	0.113906	1.971399	2.984394	3.366562	3.31	1
router	2	999	22.202	8.395	1	1	0.1257164754754755	0.080141	0.118448	1.219171	19.069401	3.214099	479	0.09105594363256785	0.078674	0.114907	0.210401	1.797325	3.145555	2.18	1
baseline	2	999	20.228		0	1	0.18610194694694696	0.074722	0.316553	2.90174	9.905541	7.916554	398	0.23020045979899498	0.076602	0.852885	2.92838	9.905541	8.417865	4.69	1
baseline	3	999	20.064		0	1	0.18157371171171172	0.077191	0.378607	1.958101	14.427685	11.676685	398	0.1912448040201005	0.076016	0.203729	1.951368	14.427685	11.648725	5.7	1
router	3	999	22.005	9.466	1	1	0.1394321861861862	0.08095	0.306971	1.645498	3.112931	3.499196	425	0.14713289882352942	0.081426	0.635575	1.651194	3.112931	3.398149	3.42	1
router	4	999	22.113	8.699	1	1	0.16245889789789789	0.082819	0.615903	1.9041	6.800194	4.45511	464	0.13643265732758622	0.081832	0.165023	1.810342	2.810432	3.559526	3.89	1
baseline	4	999	20.204		0	1	0.15379517217217217	0.074778	0.414766	2.625721	4.041048	3.674821	398	0.145008108040201	0.074082	0.126895	2.032306	3.009588	3.372745	3.96	1
baseline	5	999	20.198		0	1	0.14384989389389388	0.089608	0.124899	2.181639	5.186944	4.920564	398	0.1691258190954774	0.088878	0.176198	2.201755	5.186944	5.022032	6.63	1
router	5	999	22.21	9.425	1	1	0.15749355855855857	0.102817	0.131297	2.496399	3.509239	3.47369	427	0.1556176955503513	0.085471	0.155641	2.192174	3.509239	3.573965	3.07	1
